Unnamed: 0,score_phrase,title,url,platform,score,genre,editors_choice,release_year,release_month,release_day
1041,Great,Star Wars: Rogue Squadron 3D,/games/star-wars-rogue-squadron/pc-10583,PC,8.3,"Flight, Action",N,1998,12,4
1664,Awful,Extreme Wintersports,/games/extreme-wintersports/pc-13316,PC,3.8,Sports,N,1999,10,20
1852,Okay,Worms: Armageddon,/games/worms-armageddon/gbc-12121,Game Boy Color,6.0,Action,N,2000,1,28
1949,Great,Wetrix+,/games/wetrix-958154/dc-13554,Dreamcast,8.7,Puzzle,N,2000,1,10
1971,Great,Legend of the River King GBC,/games/legend-of-the-river-king-925324/gbc-12933,Game Boy Color,8.0,Simulation,N,2000,2,2
2040,Great,Cyber Tiger,/games/cyber-tiger/n64-11399,Nintendo 64,8.4,Sports,N,2000,3,20
2136,Good,JoJo's Bizarre Adventure,/games/jojos-bizarre-adventure/ps-13745,PlayStation,7.0,Fighting,N,2000,4,11
2215,Great,JoJo's Bizarre Adventure,/games/jojos-bizarre-adventure/dc-13163,Dreamcast,8.5,Fighting,Y,2000,5,2
2221,Great,Gunship!,/games/gunship-109173/pc-793815,PC,8.0,"Flight, Simulation",N,2000,5,1
2313,Okay,Omikron: the Nomad Soul,/games/omikron-the-nomad-soul/dc-13732,Dreamcast,6.7,Adventure,N,2000,7,5
2330,Okay,Who Wants To Be A Millionaire? 2nd Edition,/games/who-wants-to-be-a-millionaire-2nd-edition/ps-14432,PlayStation,6.5,Trivia,N,2000,6,22
2361,Okay,Walt Disney World Magical Racing Tour,/games/disneys-collectors-edition-2004/dc-14600,Dreamcast,6.3,Racing,N,2000,8,2
2441,Amazing,NFL 2K1,/games/nfl-2k1/dc-14601,Dreamcast,9.5,Sports,Y,2000,9,7
2471,Okay,ESPN International Track & Field,/games/espn-international-track-field/dc-15151,Dreamcast,6.0,Sports,N,2000,10,3
2472,Awful,Power Rangers Lightspeed Rescue,/games/power-rangers-lightspeed-rescue/n64-14188,Nintendo 64,3.0,Action,N,2000,10,2
2545,Good,Mario Artist: Paint Studio,/games/mario-artist-paint-studio/64dd-1908,Nintendo 64DD,7.0,Productivity,N,2000,8,22
2607,Great,ESPN International Track & Field,/games/espn-international-track-field/gbc-15404,Game Boy Color,8.0,Sports,N,2000,10,11
2644,Great,NBA 2K1,/games/nba-2k1/dc-14602,Dreamcast,8.8,Sports,N,2000,11,7
2664,Good,ESPN International Track & Field,/games/espn-international-track-field/ps2-14659,PlayStation 2,7.5,Sports,N,2000,11,6
2928,Bad,Walt Disney World Magical Racing Tour,/games/disneys-collectors-edition-2004/gbc-14462,Game Boy Color,4.0,Racing,N,2000,12,12
2973,Bad,World Destruction League Thunder Tanks,/games/world-destruction-league-thunder-tanks/gbc-15073,Game Boy Color,4.0,Action,N,2001,2,12
3004,Great,Mega Man X5,/games/mega-man-x5/ps-14873,PlayStation,8.5,Action,Y,2001,2,2
3080,Masterpiece,The Legend of Zelda: Oracle of Seasons,/games/the-legend-of-zelda-oracle-of-seasons/gbc-16042,Game Boy Color,10.0,"Action, Adventure",Y,2001,5,14
3088,Good,Army Men Air Combat,/games/army-men-air-combat/gbc-14841,Game Boy Color,7.0,Action,N,2001,3,14
3160,Good,Power Spike: Pro Beach Volleyball,/games/power-spike-pro-beach-volleyball/pc-16662,PC,7.1,Sports,N,2001,6,11
3178,Good,Who Wants To Be A Millionaire? 3rd Edition,/games/who-wants-to-be-a-millionaire-3rd-edition/pc-16680,PC,7.2,Puzzle,N,2001,6,20
3282,Great,World Series Baseball 2K2,/games/world-series-baseball-2k2/dc-16539,Dreamcast,8.7,Sports,Y,2001,8,17
3312,Amazing,NFL 2K2,/games/nfl-2k2/dc-16763,Dreamcast,9.0,Sports,Y,2001,9,21
3399,Amazing,NBA 2K2,/games/nba-2k2/dc-16849,Dreamcast,9.4,Sports,Y,2001,11,2
3471,Good,Tony Hawk's Pro Skater 2x,/games/tony-hawks-pro-skater-2/xbox-15813,Xbox,7.5,Sports,N,2001,11,13
3483,Amazing,NFL 2K2,/games/nfl-2k2/ps2-16453,PlayStation 2,9.0,Sports,Y,2001,11,20
3566,Great,NBA 2K2,/games/nba-2k2/ps2-16454,PlayStation 2,8.6,Sports,Y,2002,1,14
3611,Good,Ballistics,/games/ballistics/pc-16004,PC,7.2,"Racing, Action",N,2001,12,14
3621,Great,NFL 2K2,/games/nfl-2k2/xbox-16716,Xbox,8.3,Sports,N,2002,1,9
3652,Great,Mega Man X6,/games/mega-man-x6/ps-17256,PlayStation,8.0,Action,N,2002,1,2
3683,Great,NBA 2K2,/games/nba-2k2/xbox-16717,Xbox,8.8,Sports,Y,2002,2,26
3771,Great,NBA 2K2,/games/nba-2k2/gcn-17011,GameCube,8.6,Sports,Y,2002,3,20
4051,Amazing,NFL 2K3,/games/nfl-2k3/xbox-480933,Xbox,9.1,Sports,Y,2002,8,9
4053,Amazing,NFL 2K3,/games/nfl-2k3/ps2-480476,PlayStation 2,9.2,Sports,Y,2002,8,9
4054,Amazing,NFL 2K3,/games/nfl-2k3/gcn-17014,GameCube,9.0,Sports,Y,2002,8,9
4199,Great,NBA 2K3,/games/nba-2k3/ps2-480477,PlayStation 2,8.7,Sports,Y,2002,10,7
4215,Great,NBA 2K3,/games/nba-2k3/gcn-17015,GameCube,8.7,Sports,Y,2002,10,4
4217,Great,NBA 2K3,/games/nba-2k3/xbox-482109,Xbox,8.9,Sports,Y,2002,10,4
4227,Great,Spyro the Dragon: Season of Flame,/games/spyro-the-dragon-season-of-flame/gba-477621,Game Boy Advance,8.5,Action,Y,2002,10,10
4365,Great,Rallisport Challenge,/games/rallisport-challenge/pc-482408,PC,8.0,Racing,N,2002,11,15
4386,Okay,Spyro: Enter the Dragonfly,/games/spyro-enter-the-dragonfly/gcn-486751,GameCube,6.0,Platformer,N,2002,11,18
4639,Great,Mario Party-e,/games/mario-party-e/gba-498070,Game Boy Advance,8.0,Card,N,2003,2,25
4693,Amazing,World Series Baseball 2K3,/games/world-series-baseball-2k3/xbox-489260,Xbox,9.1,Sports,Y,2003,3,10
4700,Amazing,World Series Baseball 2K3,/games/world-series-baseball-2k3/ps2-489263,PlayStation 2,9.0,Sports,Y,2003,3,10
5057,Great,NHL Hitz Pro,/games/nhl-hitz-pro/ps2-545760,PlayStation 2,8.6,"Sports, Action",Y,2003,9,24
5059,Great,NHL Hitz Pro,/games/nhl-hitz-pro/gcn-536046,GameCube,8.6,"Sports, Action",Y,2003,9,24
5089,Okay,Mega Man X7,/games/mega-man-x7/ps2-482308,PlayStation 2,6.7,Action,N,2003,10,14
5162,Okay,Backyard Wrestling: Don't Try This at Home,/games/backyard-wrestling-dont-try-this-at-home/ps2-499362,PlayStation 2,6.5,Wrestling,N,2003,10,8
5174,Great,DDRMAX2: Dance Dance Revolution,/games/ddrmax2-dance-dance-revolution/ps2-498353,PlayStation 2,8.5,Music,Y,2003,10,7
5329,Great,Goblin Commander: Unleash the Horde,/games/goblin-commander-unleash-the-horde/xbox-536083,Xbox,8.0,Strategy,N,2003,11,11
5655,Mediocre,Scooby-Doo! Mystery Mayhem,/games/scooby-doo-mystery-mayhem/gcn-564135,GameCube,5.5,Action,N,2004,3,11
5731,Mediocre,Scooby-Doo! Mystery Mayhem,/games/scooby-doo-mystery-mayhem/xbox-653922,Xbox,5.5,Action,N,2004,3,29
5784,Mediocre,Scooby-Doo! Mystery Mayhem,/games/scooby-doo-mystery-mayhem/ps2-564134,PlayStation 2,5.5,"Action, Adventure",N,2004,3,15
6029,Amazing,Pokemon FireRed Version,/games/pokemon-firered-version/gba-605909,Game Boy Advance,9.0,RPG,Y,2004,9,3
6037,Amazing,ESPN NHL 2K5,/games/espn-nhl-2k5/ps2-682938,PlayStation 2,9.2,Sports,Y,2004,9,1
6039,Amazing,ESPN NHL 2K5,/games/espn-nhl-2k5/xbox-682935,Xbox,9.2,Sports,Y,2004,9,1
6342,Great,OutRun2,/games/outrun2/xbox-482218,Xbox,8.2,Racing,N,2004,10,22
6407,Okay,The SpongeBob Squarepants Movie,/games/spongebob-squarepants-happy-squared-double-pack/cell-715304,Wireless,6.8,Action,N,2004,11,17
6467,Good,Mega Man X8,/games/mega-man-x8/ps2-683100,PlayStation 2,7.3,Action,N,2004,12,2
6537,Great,Oddworld: Stranger's Wrath,/games/oddworld-strangers-wrath/xbox-568699,Xbox,8.8,"Action, Adventure",Y,2005,1,24
6608,Great,The Incredibles 3D,/games/the-incredibles-3d/cell-726911,Wireless,8.9,Action,Y,2005,2,26
6993,Good,Harvest Moon: Another Wonderful Life,/games/harvest-moon-a-wonderful-life/gcn-620294,GameCube,7.5,RPG,N,2005,8,8
7049,Good,Tony Hawk's Pro Skater 3D,/games/tony-hawks-pro-skater-3d/cell-736274,Wireless,7.6,Sports,N,2005,8,29
7139,Great,NBA 2K6,/games/nba-2k6/ps2-740965,PlayStation 2,8.0,Sports,N,2005,9,26
7150,Great,NBA 2K6,/games/nba-2k6/xbox-740966,Xbox,8.0,Sports,N,2005,9,26
7473,Good,NBA 2K6,/games/nba-2k6/xbox-360-747890,Xbox 360,7.8,Sports,N,2005,11,15
7834,Good,Major League Baseball 2K6,/games/major-league-baseball-2k6/xbox-788099,Xbox,7.3,Sports,N,2006,4,3
7835,Good,Major League Baseball 2K6,/games/major-league-baseball-2k6/ps2-788098,PlayStation 2,7.3,Sports,N,2006,4,3
7850,Okay,Major League Baseball 2K6,/games/major-league-baseball-2k6/psp-788097,PlayStation Portable,6.7,Sports,N,2006,4,24
7858,Good,Major League Baseball 2K6,/games/major-league-baseball-2k6/xbox-360-788100,Xbox 360,7.0,Sports,N,2006,4,11
7897,Okay,World Rally Championship,/games/world-rally-championship-811024/psp-683275,PlayStation Portable,6.2,Racing,N,2006,5,23
7949,Amazing,New Super Mario Bros.,/games/new-super-mario-bros/nds-682879,Nintendo DS,9.5,Platformer,Y,2006,5,6
8090,Good,Major League Baseball 2K6,/games/major-league-baseball-2k6/gcn-788096,GameCube,7.0,Sports,N,2006,6,14
8120,Good,Micro Machines V4,/games/micro-machines-v4/ps2-814381,PlayStation 2,7.0,Racing,N,2006,6,26
8121,Good,Micro Machines V4,/games/micro-machines-v4/psp-814380,PlayStation Portable,7.0,Racing,N,2006,6,26
8248,Great,NBA 2K7,/games/nba-2k7/ps2-792369,PlayStation 2,8.7,Sports,N,2006,9,27
8306,Great,NBA 2K7,/games/nba-2k7/xbox-360-792368,Xbox 360,8.3,Sports,N,2006,9,21
8310,Okay,Pokemon Mystery Dungeon: Red Rescue Team,/games/pokemon-mystery-dungeon-red-rescue-team/gba-764906,Game Boy Advance,6.5,RPG,N,2006,9,20
8344,Great,Mega Man ZX,/games/mega-man-zx/nds-794195,Nintendo DS,8.2,Platformer,N,2006,9,8
8348,Great,NBA 2K7,/games/nba-2k7/xbox-792367,Xbox,8.8,Sports,N,2006,9,27
8455,Amazing,Grand Theft Auto: Vice City Stories,/games/grand-theft-auto-vice-city-stories/psp-779851,PlayStation Portable,9.0,Action,Y,2006,10,30
8566,Mediocre,Nicktoons: Battle For Volcano Island,/games/nicktoons-battle-for-volcano-island/nds-854852,Nintendo DS,5.5,Adventure,N,2006,11,14
8593,Great,NBA 2K7,/games/nba-2k7/ps3-815873,PlayStation 3,8.5,Sports,Y,2006,11,17
8628,Bad,Donkey Kong,/games/donkey-kong/wii-864224,Wii,4.0,Platformer,N,2006,12,1
8633,Bad,Donkey Kong,/games/donkey-kong/nes-7152,NES,4.0,Platformer,N,2006,12,1
8641,Bad,Mario Bros.,/games/mario-bros/nes-7170,NES,4.5,Platformer,N,2006,12,8
8663,Bad,Mario Bros.,/games/mario-bros/wii-864232,Wii,4.5,Action,N,2006,12,8
8680,Good,College Hoops 2K7,/games/college-hoops-2k7/xbox-815881,Xbox,7.4,Sports,N,2006,11,28
8723,Mediocre,Donkey Kong Jr.,/games/donkey-kong-jr/nes-7155,NES,5.0,Platformer,N,2006,12,6
8726,Mediocre,Donkey Kong Jr.,/games/donkey-kong-jr/wii-864225,Wii,5.0,Platformer,N,2006,12,6
8730,Good,College Hoops 2K7,/games/college-hoops-2k7/ps2-815882,PlayStation 2,7.3,Sports,N,2006,12,11
8739,Great,College Hoops 2K7,/games/college-hoops-2k7/xbox-360-815880,Xbox 360,8.2,Sports,N,2006,11,22
8817,Mediocre,Micro Machines V4,/games/micro-machines-v4/nds-816201,Nintendo DS,5.7,Racing,N,2006,12,19
8836,Bad,SpongeBob Squarepants: Creature from the Krusty Krab,/games/spongebob-squarepants-creature-from-the-krusty-krab/cell-881565,Wireless,4.5,Action,N,2007,1,30
8857,Painful,Urban Champion,/games/urban-champion/wii-864215,Wii,2.5,Fighting,N,2007,2,15
8909,Good,R-Type,/games/r-type/wii-867046,Wii,7.5,Shooter,N,2007,1,12
8921,Good,Diddy Kong Racing DS,/games/diddy-kong-racing/nds-826996,Nintendo DS,7.1,"Racing, Action",N,2007,2,5
8935,Good,Need for Speed Carbon 2D,/games/need-for-speed-carbon/cell-882925,Wireless,7.0,Racing,N,2007,2,5
8960,Good,Major League Baseball 2K7,/games/major-league-baseball-2k7/xbox-858987,Xbox,7.0,Sports,N,2007,2,27
8982,Bad,Bubble Bobble Evolution,/games/bubble-bobble-evolution/psp-792283,PlayStation Portable,4.3,Action,N,2007,2,26
8989,Mediocre,Major League Baseball 2K7,/games/major-league-baseball-2k7/psp-858988,PlayStation Portable,5.9,Sports,N,2007,2,28
8996,Great,Project Gotham Racing Mobile 2D,/games/project-gotham-racing-mobile-2d/cell-886298,Wireless,8.0,Racing,Y,2007,2,16
9009,Good,Major League Baseball 2K7,/games/major-league-baseball-2k7/xbox-360-858986,Xbox 360,7.9,Sports,N,2007,2,27
9017,Good,Major League Baseball 2K7,/games/major-league-baseball-2k7/ps3-815888,PlayStation 3,7.4,Sports,N,2007,2,27
9024,Good,Major League Baseball 2K7,/games/major-league-baseball-2k7/ps2-858989,PlayStation 2,7.0,Sports,N,2007,2,27
9028,Great,College Hoops 2K7,/games/college-hoops-2k7/ps3-815879,PlayStation 3,8.3,Sports,N,2007,3,6
9029,Okay,Ice Climber,/games/ice-climber/nes-7165,NES,6.5,Platformer,N,2007,3,6
9034,Okay,Ice Climber,/games/ice-climber/wii-865249,Wii,6.5,Platformer,N,2007,3,6
9078,Great,Excitebike,/games/excitebike/nes-7159,NES,8.4,Racing,N,2007,3,21
9143,Great,Excitebike,/games/excitebike/wii-865248,Wii,8.4,"Racing, Editor",Y,2007,3,21
9197,Good,Prince of Persia: Rival Swords,/games/prince-of-persia-the-two-thrones/wii-846384,Wii,7.1,Action,N,2007,4,4
9198,Good,Skipping Stone IQ,/games/skipping-stone-iq/cell-898092,Wireless,7.6,Puzzle,N,2007,4,4
9480,Okay,Balloon Fight,/games/balloon-fight/nes-7147,NES,6.0,Action,N,2007,7,20
9505,Great,The Fast and the Furious: Fugitive 3D,/games/the-fast-and-the-furious-fugitive-2d/cell-895965,Wireless,8.8,Racing,Y,2007,6,22
9508,Great,Brothers in Arms DS,/games/brothers-in-arms-ds/nds-891478,Nintendo DS,8.0,Shooter,N,2007,6,21
9536,Awful,Major League Baseball 2K7,/games/major-league-baseball-2k7/nds-856401,Nintendo DS,3.0,Sports,N,2007,7,17
9573,Okay,Balloon Fight,/games/balloon-fight/wii-950024,Wii,6.0,Action,N,2007,7,20
9841,Good,NBA 2K8,/games/nba-2k8/xbox-360-866314,Xbox 360,7.9,Sports,N,2007,10,2
9845,Good,NBA 2K8,/games/nba-2k8/ps3-866307,PlayStation 3,7.9,Sports,N,2007,10,2
9870,Good,NBA 2K8,/games/nba-2k8/ps2-947190,PlayStation 2,7.5,Sports,N,2007,10,5
9898,Awful,Biker Mice From Mars,/games/biker-mice-from-mars/nds-780389,Nintendo DS,3.0,"Racing, Action",N,2007,10,16
10151,Great,College Hoops 2K8,/games/college-hoops-2k8/ps3-948275,PlayStation 3,8.0,Sports,N,2007,11,20
10259,Great,College Hoops 2K8,/games/college-hoops-2k8/xbox-360-948274,Xbox 360,8.2,Sports,N,2007,11,20
10278,Okay,College Hoops 2K8,/games/college-hoops-2k8/ps2-948276,PlayStation 2,6.9,Sports,N,2007,11,21
10366,Awful,The History Channel: Battle For the Pacific,/games/the-history-channel-battle-for-the-pacific/ps2-952273,PlayStation 2,3.0,Shooter,N,2008,1,2
10380,Bad,The History Channel: Battle For The Pacific,/games/the-history-channel-battle-for-the-pacific/pc-850880,PC,4.9,Shooter,N,2007,12,21
10383,Bad,The History Channel: Battle For the Pacific,/games/the-history-channel-battle-for-the-pacific/xbox-360-952276,Xbox 360,4.5,Shooter,N,2007,12,21
10605,Okay,Dungeon Explorer:  Warriors of Ancient Arts,/games/dungeon-explorer-warriors-of-ancient-arts/psp-823903,PlayStation Portable,6.0,"Action, RPG",N,2008,2,15
10611,Mediocre,Rainbow Islands Evolution,/games/rainbow-islands-evolution/psp-866426,PlayStation Portable,5.0,Platformer,N,2008,2,26
10651,Good,SingStar '90s,/games/singstar-90s/ps2-946937,PlayStation 2,7.5,Music,N,2008,2,13
10658,Bad,The History Channel: Battle For the Pacific,/games/the-history-channel-battle-for-the-pacific/ps3-952274,PlayStation 3,4.5,Shooter,N,2008,2,21
10674,Okay,Major League Baseball 2K8,/games/major-league-baseball-2k8/wii-14222526,Wii,6.5,Sports,N,2008,3,6
10700,Good,Major League Baseball 2K8,/games/major-league-baseball-2k8/xbox-360-898262,Xbox 360,7.4,Sports,N,2008,3,4
10715,Good,Major League Baseball 2K8,/games/major-league-baseball-2k8/ps2-14222525,PlayStation 2,7.0,Sports,N,2008,3,4
10716,Good,Major League Baseball 2K8,/games/major-league-baseball-2k8/ps3-898263,PlayStation 3,7.2,Sports,N,2008,3,4
10746,Okay,Major League Baseball 2K8,/games/major-league-baseball-2k8/psp-14222524,PlayStation Portable,6.9,Sports,N,2008,3,12
10852,Amazing,River City Ransom,/games/downtown-nekketsu-monogatari-862201/wii-14238383,Wii,9.0,Action,Y,2008,4,21
10971,Mediocre,"Scarface: Money, Power, Respect",/games/scarface-money-power-respect/cell-14231019,Wireless,5.5,Action,N,2008,5,13
10987,Bad,Dancing with the Stars,/games/dancing-with-the-stars/cell-14247149,Wireless,4.5,Music,N,2008,5,1
11203,Great,New International Track & Field,/games/new-international-track-field/nds-958408,Nintendo DS,8.7,"Sports, Compilation",Y,2008,7,30
11523,Mediocre,Clu Clu Land,/games/clu-clu-land/wii-14277664,Wii,5.0,Action,N,2008,9,4
11531,Bad,Domino Master,/games/domino-master/xbox-360-14280843,Xbox 360,4.5,Board,N,2008,9,19
11676,Great,NBA 2K9,/games/nba-2k9/xbox-360-954501,Xbox 360,8.5,Sports,Y,2008,10,6
11694,Great,NBA 2K9,/games/nba-2k9/ps3-954500,PlayStation 3,8.5,Sports,Y,2008,10,6
11698,Bad,Midnight Bowling,/games/midnight-bowling/wii-14244015,Wii,4.9,Sports,N,2008,10,6
11783,Good,Guitar Hero World Tour (Complete Band Game),/games/guitar-hero-world-tour/xbox-360-14222045,Xbox 360,7.9,Music,N,2008,10,26
11784,Good,Guitar Hero World Tour (Complete Band Game),/games/guitar-hero-world-tour/ps3-14222046,PlayStation 3,7.9,Music,N,2008,10,26
11787,Great,Guitar Hero World Tour (Complete Band Game),/games/guitar-hero-world-tour/wii-14222094,Wii,8.8,Music,Y,2008,10,26
11825,Awful,Are You Smarter Than A 5th Grader? Make the Grade!,/games/are-you-smarter-than-a-5th-grader-make-the-grade/pc-14272861,PC,3.2,Trivia,N,2008,11,4
11840,Awful,Are You Smarter Than A 5th Grader? Make the Grade!,/games/are-you-smarter-than-a-5th-grader-make-the-grade/wii-14256466,Wii,3.8,Trivia,N,2008,11,3
11846,Awful,Are You Smarter Than A 5th Grader? Make the Grade!,/games/are-you-smarter-than-a-5th-grader-make-the-grade/ps2-14256465,PlayStation 2,3.8,Trivia,N,2008,11,3
11867,Good,Guitar Hero World Tour (Complete Band Game),/games/guitar-hero-world-tour/ps2-14222047,PlayStation 2,7.9,Music,N,2008,11,10
11928,Good,NBA 2K9,/games/nba-2k9/ps2-14258122,PlayStation 2,7.0,Sports,N,2008,11,12
12014,Great,NBA 2K9,/games/nba-2k9/pc-14285269,PC,8.0,Sports,N,2008,11,19
12044,Good,Guitar Hero: Aerosmith (Game & Guitar Controller Bundle),/games/guitar-hero-aerosmith/pc-14285685,PC,7.0,Music,N,2008,12,1
12069,Mediocre,Pitfall: the Mayan Adventure,/games/pitfall-the-mayan-adventure/32x-5675,Sega 32X,5.0,Platformer,N,2008,12,1
12070,Great,Kingdom Hearts RE:  Chain of Memories,/games/kingdom-hearts-re-chain-of-memories/ps2-14282207,PlayStation 2,8.4,RPG,N,2008,12,1
12113,Amazing,Prince of Persia,/games/prince-of-persia/pc-890666,PC,9.3,Platformer,Y,2008,11,26
12115,Amazing,Prince of Persia,/games/prince-of-persia/xbox-360-890664,Xbox 360,9.3,Platformer,Y,2008,11,26
12148,Okay,Pass The Pigs,/games/pass-the-pigs/iphone-14293940,iPhone,6.0,Action,N,2008,12,4
12152,Amazing,Prince of Persia,/games/prince-of-persia/ps3-890665,PlayStation 3,9.3,Platformer,Y,2008,12,4
12161,Mediocre,Are You Smarter Than A 5th Grader? Make the Grade!,/games/are-you-smarter-than-a-5th-grader-make-the-grade/nds-14256464,Nintendo DS,5.5,Trivia,N,2008,12,3
12574,Good,3D Brick Breaker Revolution,/games/2d-brick-breaker-revolution/iphone-14325863,iPhone,7.4,Puzzle,N,2009,3,4
12586,Okay,Major League Baseball 2K9,/games/major-league-baseball-2k9/ps3-14299424,PlayStation 3,6.8,Sports,N,2009,3,3
12589,Okay,Major League Baseball 2K9,/games/major-league-baseball-2k9/wii-14299432,Wii,6.4,Sports,N,2009,3,3
12595,Okay,Major League Baseball 2K9,/games/major-league-baseball-2k9/xbox-360-14299423,Xbox 360,6.8,Sports,N,2009,3,3
12609,Okay,Major League Baseball 2K9,/games/major-league-baseball-2k9/pc-14324397,PC,6.6,Sports,N,2009,3,9
12640,Mediocre,Crystal Defenders,/games/crystal-defenders-14316085/xbox-360-14316083,Xbox 360,5.5,Strategy,N,2009,3,11
12641,Okay,Major League Baseball 2K9 Fantasy All-Stars,/games/major-league-baseball-2k9-fantasy-all-stars/nds-14315400,Nintendo DS,6.2,Sports,N,2009,3,11
12660,Okay,SBK: Superbike World Championship,/games/sbk-08-superbike-world-championship-08/xbox-360-959098,Xbox 360,6.0,Racing,N,2009,3,30
12667,Okay,SBK: Superbike World Championship,/games/sbk-08-superbike-world-championship-08/ps3-959702,PlayStation 3,6.0,Racing,N,2009,3,30
12695,Good,Major League Baseball 2K9,/games/major-league-baseball-2k9/ps2-14299426,PlayStation 2,7.0,Sports,N,2009,3,17
12762,Okay,SBK: Superbike World Championship,/games/sbk-08-superbike-world-championship-08/psp-959704,PlayStation Portable,6.0,Racing,N,2009,4,1
12778,Okay,Major League Baseball 2K9,/games/major-league-baseball-2k9/psp-14299428,PlayStation Portable,6.0,Sports,N,2009,4,9
12827,Mediocre,Crystal Defenders R1,/games/crystal-defenders-r1/wii-14316079,Wii,5.8,Strategy,N,2009,4,20
12946,Mediocre,Crystal Defenders R2,/games/crystal-defenders-r2/wii-14323025,Wii,5.8,Strategy,N,2009,5,18
13077,Great,3D Rollercoaster Rush,/games/3d-rollercoaster-rush/iphone-1075,iPhone,8.0,Puzzle,N,2009,6,18
13145,Good,Fatal Fury: Mark of the Wolves,/games/fatal-fury-mark-of-the-wolves/xbox-360-14342396,Xbox 360,7.8,Fighting,N,2009,6,26
13162,Great,Little King's Story,/games/little-kings-story/wii-892457,Wii,8.5,Simulation,Y,2009,7,21
13218,Bad,Incoming!,/games/incoming-2798/wii-2798,Wii,4.1,Action,N,2009,7,16
13308,Good,Crystal Defenders,/games/crystal-defenders-14316085/ps3-14316082,PlayStation 3,7.5,Strategy,N,2009,8,13
13327,Good,Super Star Wars: The Empire Strikes Back,/games/super-star-wars-the-empire-strikes-back/wii-24854,Wii,7.5,Action,N,2009,8,24
13329,Good,Super Star Wars: The Empire Strikes Back,/games/super-star-wars-the-empire-strikes-back/snes-8054,Super NES,7.5,Action,N,2009,8,24
13399,Okay,Mr. Driller W,/games/mr-driller-w/wii-14323532,Wii,6.1,Puzzle,N,2009,8,25
13538,Great,NBA 2K10,/games/nba-2k10/xbox-360-14293226,Xbox 360,8.5,Sports,Y,2009,10,5
13550,Great,NBA 2K10,/games/nba-2k10/ps3-14293227,PlayStation 3,8.5,Sports,Y,2009,10,5
13570,Mediocre,NBA 2K10,/games/nba-2k10/psp-14356219,PlayStation Portable,5.5,Sports,N,2009,10,12
13573,Okay,NBA 2K10,/games/nba-2k10/ps2-14315185,PlayStation 2,6.5,Sports,N,2009,10,12
13651,Okay,Mario & Sonic at the Olympic Winter Games,/games/mario-sonic-at-the-olympic-winter-games/wii-14316581,Wii,6.5,Sports,N,2009,10,14
13682,Good,NBA 2K10,/games/nba-2k10/pc-14315186,PC,7.9,Sports,N,2009,10,14
13700,Good,Mario & Sonic at the Olympic Winter Games,/games/mario-sonic-at-the-olympic-winter-games/nds-14316582,Nintendo DS,7.5,Sports,N,2009,10,19
13716,Bad,Pokemon Mystery Dungeon: Explorers of Sky,/games/pokemon-mystery-dungeon-explorers-of-sky/nds-14313626,Nintendo DS,4.9,RPG,N,2009,10,13
13844,Okay,Bubble Trubble,/games/bubble-trubble/psp-27860,PlayStation Portable,6.0,Puzzle,N,2009,11,13
13851,Great,New Super Mario Bros. Wii,/games/new-super-mario-bros-wii/wii-14354229,Wii,8.9,Platformer,Y,2009,11,13
13863,Okay,Jurassic: The Hunted,/games/jurassic-the-hunted/ps3-22369,PlayStation 3,6.5,Action,N,2009,11,13
13865,Okay,Jurassic: The Hunted,/games/jurassic-the-hunted/xbox-360-22370,Xbox 360,6.5,Action,N,2009,11,13
13866,Okay,Jurassic: The Hunted,/games/jurassic-the-hunted/wii-22365,Wii,6.0,Action,N,2009,11,13
13901,Great,Call of Duty: Modern Warfare: Mobilized,/games/call-of-duty-modern-warfare-mobilized/nds-23293,Nintendo DS,8.0,Shooter,N,2009,11,10
13905,Okay,NBA 2K10,/games/nba-2k10/wii-14356218,Wii,6.5,Sports,N,2009,11,25
13991,Good,Serious Sam HD: The First Encounter,/games/serious-sam-hd/xbox-360-15514,Xbox 360,7.0,Shooter,N,2010,1,13
14128,Bad,World of Outlaws: Sprint Cars,/games/world-of-outlaws-sprint-cars-14333875/xbox-360-14333872,Xbox 360,4.5,Racing,N,2010,2,17
14130,Good,Aliens vs. Predator,/games/aliens-vs-predator/xbox-360-14322168,Xbox 360,7.0,Action,N,2010,2,16
14134,Good,Aliens vs. Predator,/games/aliens-vs-predator/ps3-14322170,PlayStation 3,7.0,Action,N,2010,2,16
14143,Good,Major League Baseball 2K10,/games/major-league-baseball-2k10/ps3-42256,PlayStation 3,7.0,Sports,N,2010,3,1
14146,Good,Major League Baseball 2K10,/games/major-league-baseball-2k10/xbox-360-42253,Xbox 360,7.0,Sports,N,2010,3,1
14150,Painful,Major League Baseball 2K10,/games/major-league-baseball-2k10/nds-42260,Nintendo DS,2.8,Sports,N,2010,3,5
14164,Great,Pokemon SoulSilver Version,/games/pokemon-soulsilver-version/nds-14348189,Nintendo DS,8.5,RPG,Y,2010,3,12
14185,Good,Major League Baseball 2K10,/games/major-league-baseball-2k10/pc-53421,PC,7.3,Sports,N,2010,3,4
14190,Mediocre,Major League Baseball 2K10,/games/major-league-baseball-2k10/wii-42257,Wii,5.0,Sports,N,2010,3,2
14193,Great,Darwinia+,/games/darwinia/xbox-360-14243064,Xbox 360,8.9,Strategy,Y,2010,2,9
14201,Good,Dracula: Undead Awakening,/games/dracula-undead-awakening/dsi-50056,Nintendo DSi,7.0,Shooter,N,2010,3,9
14208,Good,Aliens vs. Predator,/games/aliens-vs-predator/pc-14322167,PC,7.3,Action,N,2010,2,19
14231,Good,Dracula: Undead Awakening,/games/dracula-undead-awakening/wii-50058,Wii,7.0,Shooter,N,2010,3,9
14236,Bad,Major League Baseball 2K10,/games/major-league-baseball-2k10/psp-42259,PlayStation Portable,4.5,Sports,N,2010,3,8
14297,Mediocre,Major League Baseball 2K10,/games/major-league-baseball-2k10/ps2-42258,PlayStation 2,5.5,Sports,N,2010,3,19
14329,Amazing,Plants vs. Zombies HD,/games/plants-vs-zombies/ipad-28239,iPad,9.0,Puzzle,Y,2010,4,5
14332,Great,Flight Control HD,/games/flight-control/ipad-66970,iPad,8.0,Simulation,N,2010,4,4
14501,Okay,Hero of Sparta HD,/games/hero-of-sparta/ipad-74797,iPad,6.5,Action,N,2010,5,19
14548,Mediocre,Crystal Defenders,/games/crystal-defenders/ipad-76023,iPad,5.0,RPG,N,2010,7,6
14588,Great,Predators,/games/predators/iphone-75889,iPhone,8.5,Action,Y,2010,7,2
14629,Good,Earthworm Jim HD,/games/earthworm-jim-hd/xbox-360-26608,Xbox 360,7.0,Platformer,N,2010,6,9
14657,Good,Pac-Match Party,/games/pac-match-party/iphone-75767,iPhone,7.2,Puzzle,N,2010,6,22
14727,Okay,Serious Sam HD: The Second Encounter,/games/serious-sam/pc-53723,PC,6.5,Shooter,N,2010,7,22
14766,Awful,Clash of the Titans,/games/clash-of-the-titans/xbox-360-14231738,Xbox 360,3.0,Action,N,2010,7,30
14782,Painful,Hasbro Family Game Night: Connect 4x4,/games/hasbro-family-game-night-connect-4x4/xbox-360-84688,Xbox 360,2.5,Board,N,2010,8,25
14816,Great,Spider: The Secret of Bryce Manor HD,/games/spider-the-secret-of-bryce-manor/iphone-80752,iPhone,8.5,Platformer,Y,2010,7,13
14853,Mediocre,Monster Rancher DS,/games/monster-rancher-ds/nds-682871,Nintendo DS,5.5,Battle,N,2010,8,10
14885,Good,Earthworm Jim HD,/games/earthworm-jim-hd/ps3-26621,PlayStation 3,7.0,Platformer,N,2010,8,4
14919,Okay,R-Type,/games/r-type/iphone-42987,iPhone,6.5,Shooter,N,2010,8,26
14979,Great,NBA 2K11,/games/nba-2k11/pc-64511,PC,8.0,Sports,N,2010,10,8
14999,Amazing,NBA 2K11,/games/nba-2k11/ps3-64504,PlayStation 3,9.5,Sports,Y,2010,10,1
15073,Okay,Serious Sam HD: The Second Encounter,/games/serious-sam/xbox-360-23164,Xbox 360,6.5,Shooter,N,2010,9,23
15103,Amazing,NBA 2K11,/games/nba-2k11/xbox-360-64509,Xbox 360,9.5,Sports,Y,2010,10,1
15218,Great,Spider-Man: Total Mayhem HD,/games/spider-man-total-mayhem/ipad-92058,iPad,8.5,Action,Y,2010,11,9
15232,Okay,Earthworm Jim HD,/games/earthworm-jim-hd/winphone-83622,Windows Phone,6.0,Platformer,N,2010,11,2
15318,Great,Chu Chu Rocket HD,/games/chu-chu-rocket/ipad-90277,iPad,8.5,Puzzle,Y,2010,10,27
15346,Great,Road Blaster,/games/road-blaster/iphone-83309,iPhone,8.0,Racing,N,2011,1,18
15362,Great,Beyond Good & Evil HD,/games/beyond-good-and-evil/xbox-360-87903,Xbox 360,8.5,"Action, Adventure",Y,2011,3,2
15381,Good,SimCity Deluxe HD,/games/simcity-deluxe/ipad-95367,iPad,7.5,Simulation,N,2010,12,14
15396,Great,Flight Control HD,/games/flight-control/pc-93119,PC,8.0,Simulation,N,2010,12,14
15436,Mediocre,Lara Croft and the Guardian of Light HD,/games/lara-croft-and-the-guardian-of-light/ipad-95439,iPad,5.5,"Action, Adventure",N,2010,12,17
15497,Okay,Ridge Racer Accelerated HD,/games/ridge-racer-accelerated/ipad-101395,iPad,6.5,Racing,N,2011,2,22
15530,Good,Major League Baseball 2K11,/games/major-league-baseball-2k11/ps3-93320,PlayStation 3,7.0,Sports,N,2011,3,15
15533,Good,Major League Baseball 2K11,/games/major-league-baseball-2k11/xbox-360-93324,Xbox 360,7.0,Sports,N,2011,3,15
15538,Great,Ridge Racer 3D,/games/ridge-racer-3d/3ds-77735,Nintendo 3DS,8.0,Racing,N,2011,3,22
15546,Good,Super Monkey Ball 3D,/games/super-monkey-ball-3d/3ds-77816,Nintendo 3DS,7.5,Action,N,2011,3,25
15680,Bad,Raving Rabbids: Travel in Time 3D,/games/raving-rabbids-alive-kicking/3ds-97489,Nintendo 3DS,4.5,Platformer,N,2011,4,21
15698,Okay,DanceDanceRevolution,/games/dance-dance-revolution/xbox-360-23793,Xbox 360,6.5,Music,N,2011,4,29
15721,Okay,Tom Clancy's Splinter Cell 3D,/games/tom-clancys-splinter-cell-chaos-theory/3ds-77798,Nintendo 3DS,6.5,Action,N,2011,4,11
15818,Amazing,The Legend of Zelda: Ocarina of Time 3D,/games/the-legend-of-zelda-ocarina-of-time-3d/3ds-77881,Nintendo 3DS,9.5,"Action, Adventure",Y,2011,6,17
15882,Great,Donkey Kong,/games/donkey-kong-902222/3ds-111669,Nintendo 3DS,8.5,Platformer,N,2011,6,27
15948,Amazing,Let's Golf 3D,/games/lets-golf-3d/3ds-111143,Nintendo 3DS,9.0,Sports,Y,2011,7,28
16042,Great,Infinity Field,/games/infinity-field/iphone-89426,iPhone,8.5,Shooter,Y,2011,9,8
16158,Amazing,NBA 2K12,/games/nba-2k12/xbox-360-104468,Xbox 360,9.5,Sports,Y,2011,9,30
16159,Amazing,NBA 2K12,/games/nba-2k12/ps3-104465,PlayStation 3,9.5,Sports,Y,2011,9,30
16572,Good,Major League Baseball 2K12,/games/major-league-baseball-2k12/xbox-360-123606,Xbox 360,7.0,Sports,N,2012,3,6
16580,Okay,Michael Jackson: The Experience HD,/games/michael-jackson-the-experience/vita-110874,PlayStation Vita,6.5,Music,N,2012,2,14
16592,Good,Major League Baseball 2K12,/games/major-league-baseball-2k12/ps3-123610,PlayStation 3,7.0,Sports,N,2012,3,6
16802,Great,Tony Hawk's Pro Skater HD,/games/tony-hawks-pro-skater-hd/xbox-360-124515,Xbox 360,8.0,Sports,N,2012,7,18
16864,Amazing,Need for Speed Most Wanted U,/games/need-for-speed-most-wanted-2012/wii-u-145633,Wii U,9.0,"Racing, Action",Y,2013,3,26
16866,Bad,Major League Baseball 2K13,/games/major-league-baseball-2k13/xbox-360-153178,Xbox 360,4.5,Sports,N,2013,3,25
16932,Good,Atelier Totori Plus: The Adventurer of Arland,/games/atelier-totori-the-adventurer-of-arland/vita-141060,PlayStation Vita,7.8,RPG,N,2013,4,9
17001,Great,Donkey Kong Country Returns 3D,/games/donkey-kong-country-returns/3ds-160556,Nintendo 3DS,8.9,Platformer,Y,2013,5,17
17038,Great,Sorcery!,/games/steve-jackson-sorcery/iphone-167175,iPhone,8.8,Adventure,N,2013,5,10
17161,Amazing,The Legend of Zelda: The Wind Waker HD,/games/the-legend-of-zelda-the-wind-waker-hd/wii-u-158647,Wii U,9.8,"Action, Adventure",Y,2013,9,17
17279,Amazing,NBA 2K14,/games/nba-2k14/xbox-360-168197,Xbox 360,9.3,Sports,Y,2013,9,26
17280,Amazing,NBA 2K14,/games/nba-2k14/ps3-168201,PlayStation 3,9.3,Sports,Y,2013,9,26
17366,Great,NBA 2K14,/games/nba-2k14/ps4-20000629,PlayStation 4,8.9,Sports,N,2013,11,12
17367,Great,NBA 2K14,/games/nba-2k14/xbox-one-20000632,Xbox One,8.9,Sports,N,2013,11,12
17396,Amazing,Super Mario 3D World,/games/super-mario-wii-u/wii-u-112718,Wii U,9.6,Platformer,Y,2013,11,19
17463,Great,The Walking Dead: A Telltale Game Series -- Season Two,/games/the-walking-dead-a-telltale-game-series-season-2/xbox-one-20025703,Xbox One,8.0,Adventure,N,2013,12,17
17464,Great,The Walking Dead: A Telltale Game Series -- Season Two,/games/the-walking-dead-a-telltale-game-series-season-2/ps3-152691,PlayStation 3,8.0,Adventure,N,2013,12,17
17466,Great,The Walking Dead: A Telltale Game Series -- Season Two,/games/the-walking-dead-a-telltale-game-series-season-2/ps4-20025702,PlayStation 4,8.0,Adventure,N,2013,12,17
17549,Great,The Walking Dead: A Telltale Game Series -- Season Two,/games/the-walking-dead-a-telltale-game-series-season-2/xbox-360-20007823,Xbox 360,8.0,Adventure,N,2013,12,17
17550,Great,The Walking Dead: A Telltale Game Series -- Season Two,/games/the-walking-dead-a-telltale-game-series-season-2/ouya-20010759,Ouya,8.0,Adventure,N,2013,12,17
17551,Great,The Walking Dead: A Telltale Game Series -- Season Two,/games/the-walking-dead-a-telltale-game-series-season-2/iphone-20010252,iPhone,8.0,Adventure,N,2013,12,17
17552,Great,The Walking Dead: A Telltale Game Series -- Season Two,/games/the-walking-dead-a-telltale-game-series-season-2/vita-20010756,PlayStation Vita,8.0,Adventure,N,2013,12,17
17554,Great,The Walking Dead: A Telltale Game Series -- Season Two,/games/the-walking-dead-a-telltale-game-series-season-2/pc-20007819,PC,8.0,Adventure,N,2013,12,17
17648,Great,Bioshock Infinite: Burial at Sea -- Episode Two,/games/bioshock-infinite-burial-at-sea-episode-two/pc-20003382,PC,8.8,Shooter,N,2014,3,25
17913,Good,NBA 2K15,/games/nba-2k15/ps4-20015343,PlayStation 4,7.8,Sports,N,2014,10,10
17914,Good,NBA 2K15,/games/nba-2k15/pc-20025847,PC,7.8,Sports,N,2014,10,10
17915,Good,NBA 2K15,/games/nba-2k15/xbox-one-20015342,Xbox One,7.8,Sports,N,2014,10,10
18058,Great,The Legend of Zelda: Majora's Mask 3D,/games/the-legend-of-zelda-majoras-mask-3d/3ds-20027281,Nintendo 3DS,8.7,Adventure,N,2015,2,4
18313,Amazing,NBA 2K16,/games/nba-2k16/ps4-20037741,PlayStation 4,9.0,Sports,Y,2015,9,29
18416,Okay,Assassin's Creed Chronicles: India,/games/assassins-creed-chronicles-india/xbox-one-20035133,Xbox One,6.0,Platformer,N,2016,1,13
18435,Good,Zombi,/games/zombi-u/xbox-one-20040940,Xbox One,7.5,Shooter,N,2015,8,20
18454,Great,NBA 2K17,/games/nba-2k17/ps4-20052070,PlayStation 4,8.9,Sports,N,2016,9,22
18544,Great,The Legend of Zelda: Twilight Princess HD,/games/the-legend-of-zelda-twilight-princess-hd/wii-u-20045908,Wii U,8.6,"Action, Adventure",N,2016,3,1
